,Women whose Body Mass Index (BMI) is below normal (BMI < 18.5 kg/m2)14 (%),Men whose Body Mass Index (BMI) is below normal (BMI < 18.5 kg/m2) (%),Women who are overweight or obese (BMI = 25.0 kg/m2)14 (%),Men who are overweight or obese (BMI = 25.0 kg/m2) (%),All women age 15-49 years who are anaemic (%),Men age 15-49 years who are anaemic (<13.0 g/dl) (%),Children age 6-59 months who are anaemic (<11.0 g/dl) (%),Women Blood sugar level - high (>140 mg/dl) (%),Man  Blood sugar level - high (>140 mg/dl) (%),Woman Very high (Systolic =180 mm of Hg and/or Diastolic =110 mm of Hg) (%),Man Very high (Systolic =180 mm of Hg and/or Diastolic =110 mm of Hg) (%),ClusterClass,score,state
0,4.5,4.6,18.7,31.7,27.55,26.5,15.149999999999999,12.5,20.0,10.0,17.0,1,0.17109090909090907,Nicobars
1,14.5,8.4,30.0,43.2,32.35,24.8,14.19,45.0,99.0,2.0,24.0,2,0.30676363636363635,North  & Middle Andaman
2,13.4,9.4,33.7,36.5,33.5,34.3,14.879999999999999,50.5,82.0,8.0,46.0,2,0.32925454545454547,South Andaman
3,20.2,20.2,26.5,28.8,26.35,22.6,15.899999999999999,34.5,44.5,9.0,39.0,2,0.2614090909090909,Anantapur
4,21.0,16.8,28.5,30.8,24.4,20.3,13.98,45.0,44.5,1.0,15.38461,2,0.23787691818181814,Chittoor
5,15.9,12.8,36.4,28.0,32.3,34.3,18.93,35.5,64.5,6.0,29.0,2,0.2851181818181818,East Godavari
6,11.3,15.4,45.1,39.0,28.95,24.9,20.429999999999996,46.5,95.0,9.0,15.38461,2,0.3190587363636363,Guntur
7,13.5,12.4,45.5,46.6,29.7,22.6,17.43,62.5,24.5,6.0,20.0,1,0.27339090909090913,Krishna
8,21.6,13.6,24.9,31.7,27.25,26.6,16.349999999999998,26.0,12.0,8.0,20.0,1,0.2072727272727273,Kurnool
9,16.9,13.4,32.5,33.6,28.85,23.4,16.889999999999997,41.0,25.0,5.0,20.0,1,0.2332181818181818,Prakasam
10,17.0,17.5,35.0,32.0,29.55,41.3,15.12,47.5,31.5,11.0,20.0,1,0.27042727272727274,Sri Potti Sriramulu Nellore
11,20.5,15.2,24.4,18.9,35.9,29.3,21.179999999999996,41.5,62.0,9.0,22.0,2,0.2726181818181818,Srikakulam
12,18.9,12.1,28.8,29.0,33.2,28.2,19.349999999999998,33.0,37.0,14.0,17.0,1,0.24595454545454548,Visakhapatnam
13,25.8,19.4,22.4,32.1,37.75,44.3,23.61,37.0,60.0,4.0,15.38461,2,0.2924951,Vizianagaram
14,14.5,15.3,40.0,41.3,29.95,19.2,16.53,38.0,49.5,9.0,15.38461,2,0.2624223727272727,West Godavari
15,18.7,11.3,27.0,40.8,28.85,18.6,16.74,42.0,91.0,3.0,13.0,2,0.2827181818181818,Y.S.R.
16,4.2,3.0,18.9,25.3,14.0,8.6,16.11,22.5,44.0,27.0,45.0,1,0.20782727272727275,Anjaw
17,9.3,10.4,13.4,11.4,27.1,20.0,19.05,36.0,74.5,8.0,11.0,2,0.21831818181818183,Changlang
18,7.4,5.8,25.8,17.5,11.45,4.0,9.569999999999999,38.5,26.5,34.0,21.0,1,0.18320000000000006,Dibang Valley
19,6.9,5.9,16.9,17.3,13.35,14.4,12.75,24.0,54.5,10.0,41.0,2,0.1972727272727273,East Kameng
20,4.8,5.5,22.5,38.2,16.4,15.6,14.219999999999999,40.5,45.5,25.0,53.0,2,0.2556545454545454,East Siang
21,3.3,3.1,12.4,25.7,13.75,9.9,13.35,16.0,25.0,12.0,8.0,1,0.12954545454545457,Kurung Kumey
22,17.3,16.6,15.8,17.8,27.5,33.7,17.04,21.5,28.5,6.0,14.0,1,0.19612727272727276,Lohit
23,9.2,4.6,16.5,17.7,19.35,16.7,17.73,15.5,42.0,9.0,16.0,1,0.16752727272727272,Lower Dibang Valley
24,5.4,4.2,18.7,24.2,19.1,22.2,13.65,22.5,25.5,8.0,19.0,1,0.16586363636363635,Lower Subansiri
25,9.5,10.5,26.5,27.3,22.0,15.2,16.05,23.0,31.0,25.0,18.0,1,0.2036818181818182,Papumpare
26,3.3,5.0,28.6,29.2,12.45,15.9,12.719999999999999,17.0,18.5,39.0,50.0,1,0.2106090909090909,Tawang
27,6.8,8.1,6.9,9.1,20.9,13.3,16.439999999999998,19.5,31.0,1.0,6.0,1,0.1264,Tirap
28,8.2,2.4,19.0,41.1,12.25,13.0,13.23,31.0,60.0,37.0,16.0,2,0.2301636363636364,Upper Siang
29,10.5,9.3,15.5,16.1,19.8,19.3,14.939999999999998,28.5,39.5,11.0,40.0,1,0.20403636363636365,Upper Subansiri
30,7.2,7.5,33.2,20.3,12.25,4.4,11.610000000000001,15.5,15.5,29.0,26.3125,1,0.16615681818181818,West Kameng
31,5.3,2.6,21.3,20.3,17.6,12.2,9.78,21.5,26.0,53.0,63.0,1,0.22961818181818183,West Siang
32,17.8,16.5,15.2,7.2,26.7,34.8,11.7,27.5,35.0,18.0,34.0,1,0.22218181818181817,Baksa
33,26.5,29.8,12.0,14.3,17.75,18.7,9.059999999999999,27.0,31.5,15.0,15.0,0,0.1969181818181818,Barpeta
34,19.2,10.7,13.4,18.7,24.0,23.4,10.35,20.5,29.5,12.0,7.0,1,0.1715909090909091,Bongaigaon
35,31.5,22.9,7.7,9.3,25.5,28.5,9.27,10.0,7.0,12.0,7.0,0,0.1551545454545455,Cachar
36,21.9,16.9,15.6,14.7,25.15,28.0,10.68,29.5,35.5,14.0,23.0,1,0.21357272727272728,Chirang
37,27.3,25.8,9.6,5.6,22.55,33.8,13.62,27.5,45.5,10.0,14.0,0,0.21388181818181823,Darrang
38,17.2,11.3,12.4,13.5,19.9,15.6,11.67,32.0,51.5,16.0,16.0,2,0.19733636363636367,Dhemaji
39,30.8,13.1,9.4,16.2,26.25,26.4,12.78,16.0,17.5,11.0,16.77777,0,0.1783707,Dhubri
40,29.3,26.0,14.9,15.1,26.85,36.4,15.78,22.5,36.0,12.0,15.0,0,0.2271181818181818,Dibrugarh
41,16.2,8.7,14.5,11.3,19.9,11.5,8.67,25.0,23.0,16.0,33.0,1,0.1707,Dima Hasao
42,24.2,15.3,11.6,13.4,24.85,29.0,10.799999999999999,15.5,21.5,8.0,6.0,0,0.1637727272727273,Goalpara
43,26.8,22.5,12.8,13.6,22.75,33.5,9.989999999999998,33.0,69.0,15.0,9.0,2,0.24358181818181815,Golaghat
44,33.2,18.6,7.4,6.9,23.6,27.2,8.7,21.5,19.5,9.0,6.0,0,0.16509090909090912,Hailakandi
45,29.8,18.3,10.6,10.4,21.3,20.6,11.4,28.0,40.0,12.0,31.0,0,0.2121818181818182,Jorhat
46,17.3,14.2,26.3,26.5,26.9,23.7,10.35,32.5,21.5,13.0,17.0,1,0.2084090909090909,Kamrup Metropolitan
47,18.9,10.3,14.6,12.3,25.55,34.5,10.110000000000001,20.0,14.0,10.0,16.77777,1,0.17003433636363635,Kamrup
48,17.3,12.2,13.8,11.2,19.55,16.3,7.38,21.5,44.0,12.0,30.0,1,0.18657272727272725,Karbi Anglong
49,30.3,23.8,10.5,11.8,21.1,18.1,7.38,26.5,20.0,8.0,42.0,1,0.19952727272727275,Karimganj
50,21.7,18.1,11.9,13.9,25.5,23.1,12.12,31.0,39.0,21.0,9.0,0,0.20574545454545454,Kokrajhar
51,21.0,8.0,15.5,22.8,19.5,26.2,9.54,35.5,63.0,10.0,16.0,2,0.2245818181818182,Lakhimpur
52,28.1,28.1,11.0,7.5,20.7,19.9,11.46,37.5,41.0,13.0,8.0,0,0.2056909090909091,Morigaon
53,28.5,27.5,17.1,7.0,19.05,16.5,10.62,36.0,31.0,14.0,8.0,0,0.1957,Nagaon
54,20.5,19.9,17.7,10.2,22.05,25.8,13.589999999999998,24.0,25.0,13.0,20.0,1,0.19249090909090907,Nalbari
55,31.0,32.4,13.9,15.4,17.6,15.3,10.049999999999999,37.5,40.5,15.0,12.0,0,0.21877272727272726,Sivasagar
56,20.8,19.2,12.9,13.4,24.2,29.9,8.1,29.5,41.0,14.0,44.0,1,0.23363636363636361,Sonitpur
57,35.8,35.6,12.6,16.0,24.8,26.8,12.78,19.5,43.0,25.0,5.0,0,0.23352727272727272,Tinsukia
58,20.0,12.5,10.1,11.6,27.4,32.2,11.91,17.5,35.0,11.0,26.0,0,0.19564545454545457,Udalguri
59,38.3,39.0,6.2,6.2,32.8,56.0,18.54,21.0,33.5,7.0,5.47368,0,0.24001243636363637,Araria
60,30.8,28.2,7.8,6.8,28.7,33.1,20.04,21.5,38.0,2.0,7.0,0,0.20358181818181817,Arwal
61,30.9,32.1,12.2,21.0,27.15,16.5,16.02,27.0,88.0,8.0,5.47368,2,0.25849425454545455,Aurangabad
62,32.0,25.8,6.2,13.4,33.5,43.1,21.12,19.0,38.0,3.0,7.0,0,0.2201090909090909,Banka
63,31.0,25.1,9.9,12.5,29.65,31.6,18.81,12.0,20.0,7.0,5.0,0,0.18414545454545453,Begusarai
64,26.2,23.8,12.4,9.2,30.8,41.4,21.029999999999998,19.5,15.0,4.0,5.47368,0,0.18982152727272725,Bhagalpur
65,24.1,18.7,14.4,13.7,30.55,37.7,21.179999999999996,21.0,35.0,5.0,10.0,0,0.2103,Bhojpur
66,24.7,19.5,17.2,13.5,25.65,24.2,17.939999999999998,20.0,25.0,4.0,12.0,0,0.1851727272727273,Buxer
67,31.2,24.3,11.9,13.8,33.05,38.8,20.970000000000002,23.5,12.0,8.0,9.0,0,0.2059272727272727,Darbhanga
68,36.1,23.1,11.1,17.9,30.9,25.7,17.7,20.0,25.5,6.0,7.0,0,0.2009090909090909,Gaya
69,25.7,24.3,16.1,22.2,29.4,26.1,18.93,29.5,15.5,12.0,19.0,1,0.21702727272727274,Gopalganj
70,37.5,25.6,7.0,11.6,30.95,32.3,18.389999999999997,14.5,19.0,3.0,5.47368,0,0.18664879999999998,Jamui
71,30.6,27.2,10.9,11.4,28.35,23.9,18.419999999999998,25.5,29.5,4.0,5.47368,0,0.19567607272727275,Jehanabad
72,28.6,26.6,13.7,15.5,28.9,15.7,18.9,31.5,29.5,2.0,5.47368,0,0.19670334545454546,Kaimur (Bhabua)
73,32.4,21.9,8.0,6.3,31.9,33.3,18.389999999999997,26.0,26.5,5.0,9.0,0,0.19880909090909088,Katihar
74,31.1,21.9,10.7,13.3,29.9,29.6,19.02,16.0,22.0,4.0,7.0,0,0.18592727272727272,Khagaria
75,34.5,16.9,6.1,7.4,33.8,42.6,19.56,23.5,68.5,7.0,26.0,2,0.25987272727272726,Kishanganj
76,27.6,15.8,11.5,10.7,31.05,55.0,19.889999999999997,13.5,23.0,2.0,5.47368,0,0.19592152727272732,Lakhisarai
77,32.9,31.3,8.3,12.0,28.75,30.5,18.419999999999998,23.0,28.5,4.0,5.47368,0,0.2028578909090909,Madhepura
78,32.0,23.1,8.9,10.4,30.55,38.1,18.869999999999997,12.0,17.0,8.0,5.47368,0,0.1858124363636364,Madhubani
79,28.8,31.1,16.1,17.2,33.05,37.2,18.75,19.5,42.0,3.0,5.47368,0,0.22924879999999997,Munger
80,33.0,30.5,10.5,19.3,26.2,34.5,17.55,18.5,70.5,5.0,8.0,2,0.2486818181818182,Muzaffarpur
81,30.7,25.2,10.2,10.6,30.8,19.1,17.7,14.5,20.0,3.0,9.0,0,0.17345454545454547,Nalanda
82,33.6,28.8,11.0,8.7,29.4,28.9,16.919999999999998,25.0,38.0,6.0,5.47368,0,0.21072152727272728,Nawada
83,27.0,26.2,13.6,13.9,29.25,26.0,18.689999999999998,21.0,31.0,8.0,7.0,0,0.20149090909090905,Pashchim Champaran
84,24.0,17.6,19.5,15.8,28.55,28.9,15.48,19.5,32.5,4.0,5.0,0,0.19166363636363634,Patna
85,28.9,24.9,10.2,10.9,27.35,24.1,19.71,29.0,54.0,5.0,5.47368,0,0.21775789090909095,Purba Champaran
86,38.8,32.0,8.7,7.5,34.4,33.6,19.95,20.0,21.0,4.0,6.0,0,0.2054090909090909,Purnia
87,26.9,28.4,15.5,9.5,31.0,14.7,18.389999999999997,25.5,26.5,7.0,6.0,0,0.19035454545454547,Rohtas
88,34.6,25.6,7.7,6.1,30.2,38.9,20.52,19.0,19.0,4.0,5.47368,0,0.19190334545454546,Saharsa
89,29.7,30.8,8.4,5.6,29.7,38.5,19.62,12.0,59.0,5.0,5.47368,0,0.22163061818181815,Samastipur
90,23.9,23.7,18.1,18.5,26.95,22.0,18.57,28.0,43.5,12.0,16.0,0,0.2283818181818182,Saran
91,35.6,27.0,10.7,8.9,33.4,35.2,19.8,16.5,23.5,1.0,16.0,0,0.20690909090909093,Sheikhpura
92,33.1,25.1,9.6,12.1,27.5,21.2,19.11,31.0,38.5,10.0,10.0,0,0.21564545454545458,Sheohar
93,33.6,34.2,8.9,7.5,29.95,36.0,20.7,21.5,33.5,6.0,5.47368,0,0.21574880000000005,Sitamarhi
94,24.2,17.4,17.0,15.3,30.25,35.5,18.93,23.5,50.5,4.0,7.0,0,0.22143636363636363,Siwan
95,38.6,28.8,5.6,9.6,34.05,45.9,21.720000000000002,21.0,25.0,5.0,5.47368,0,0.21885789090909089,Supaul
96,28.9,26.2,13.9,14.7,31.1,35.6,20.220000000000002,21.5,31.5,3.0,5.47368,0,0.21099425454545456,Vaishali
97,37.1,31.3,6.3,5.3,33.8,42.0,17.82,32.0,51.0,10.0,7.0,0,0.2487454545454545,Bastar
98,20.1,12.9,2.4,7.7,34.35,29.0,15.389999999999999,20.0,25.5,3.0,8.0,0,0.16212727272727273,Bijapur
99,13.5,15.0,10.0,10.3,19.55,24.5,9.33,16.5,23.5,6.0,5.0,1,0.1392545454545455,Bilaspur
100,40.6,25.0,4.9,2.2,37.25,43.7,21.389999999999997,25.5,37.0,8.0,7.0,0,0.22958181818181822,Dakshin Bastar Dantewada
101,29.8,27.4,10.0,6.8,27.6,31.4,15.81,24.0,58.0,8.0,6.0,0,0.22255454545454548,Dhamtari
102,24.1,34.8,18.6,13.8,24.55,20.0,13.319999999999999,40.5,58.5,6.0,9.0,2,0.23924545454545454,Durg
103,27.0,19.8,13.9,7.4,19.95,8.6,10.68,36.5,44.5,5.0,6.0,2,0.1812090909090909,Janjgir Champa
104,28.3,25.6,8.2,8.3,17.85,17.9,9.33,22.0,55.0,12.0,7.0,0,0.19225454545454543,Jashpur
105,32.9,20.1,8.8,8.8,17.45,17.9,11.28,39.0,38.5,5.0,7.0,0,0.18793636363636362,Kabirdham
106,29.9,31.4,14.8,9.6,22.55,19.3,11.73,31.0,47.0,7.0,13.0,0,0.21570909090909088,Korba
107,24.7,10.1,11.1,13.6,18.3,16.7,10.110000000000001,22.5,20.5,12.0,14.0,1,0.15782727272727276,Korea
108,28.6,22.6,7.8,8.5,24.75,25.1,11.4,32.5,65.0,7.0,15.0,2,0.22568181818181812,Mahasamund
109,23.9,16.4,4.0,4.8,29.45,19.0,14.46,25.5,40.5,7.0,4.0,0,0.17182727272727272,Narayanpur
110,28.4,18.8,12.3,12.2,20.8,25.7,11.639999999999999,43.5,79.0,6.0,6.0,2,0.24030909090909092,Raigarh
111,26.7,26.0,17.1,14.8,25.45,22.2,14.13,28.0,63.0,6.0,19.0,2,0.23852727272727273,Raipur
112,16.3,13.7,7.0,5.4,21.85,16.8,8.91,18.0,27.5,2.0,4.0,0,0.12860000000000002,Rajnandgaon
113,35.9,27.8,8.6,7.5,17.55,14.7,11.58,19.0,33.5,16.0,7.0,0,0.1810272727272727,Surguja
114,35.5,27.7,9.3,13.8,33.75,29.1,18.57,32.5,64.5,6.0,8.0,2,0.25338181818181815,Uttar Bastar Kanker
115,11.8,11.0,31.8,30.9,30.15,24.9,22.29,26.0,47.0,6.0,4.0,2,0.2234909090909091,Daman
116,16.2,19.4,31.0,28.8,27.35,14.4,21.63,31.5,23.0,3.0,17.0,1,0.21207272727272725,Diu
117,9.7,11.0,35.6,17.0,24.4,23.6,23.16,36.0,50.0,8.0,1.44444,2,0.21809494545454547,Central
118,9.1,17.6,43.7,36.0,19.35,15.3,14.61,28.0,51.5,14.0,1.44444,2,0.22782221818181816,East
119,11.1,8.9,27.3,25.1,28.9,29.1,20.25,24.0,46.5,2.0,1.44444,2,0.20417676363636364,New Delhi
120,12.7,13.3,31.2,27.3,16.7,19.4,13.98,61.0,61.5,5.0,1.44444,2,0.23956767272727272,North East
121,14.5,28.2,36.4,16.4,25.55,29.0,22.02,38.0,41.0,5.0,1.44444,2,0.23410403636363633,North West
122,12.6,17.1,38.5,25.2,25.85,31.6,18.72,29.0,60.5,12.0,1.44444,2,0.2477404,North
123,14.2,12.3,35.1,28.2,30.95,26.1,19.439999999999998,38.5,59.0,7.0,13.0,2,0.2579909090909091,South West
124,14.2,12.5,32.5,29.9,29.3,8.6,20.37,33.0,55.0,5.0,1.44444,2,0.21983130909090906,South
125,10.4,16.0,33.6,22.5,33.0,21.3,19.439999999999998,32.5,41.5,5.0,1.44444,1,0.2151676727272727,West
126,15.9,11.3,34.6,33.0,16.5,12.4,14.549999999999999,46.5,53.5,10.0,1.0,2,0.2265909090909091,North Goa
127,12.9,10.0,31.8,31.9,14.35,8.9,14.43,41.5,74.0,4.0,0.5,2,0.22207272727272728,South  Goa
128,21.5,25.9,30.7,26.4,31.45,26.9,22.8,30.0,27.0,4.0,5.0,1,0.22877272727272724,Ahmadabad
129,17.1,18.1,28.2,23.9,28.0,21.9,22.349999999999998,25.5,41.0,7.0,10.0,1,0.22095454545454543,Amreli
130,36.0,30.3,19.4,17.9,25.2,21.5,17.91,27.5,43.5,13.0,13.0,0,0.24109999999999998,Anand
131,38.4,28.1,10.6,14.0,25.0,16.7,17.16,17.5,37.5,6.0,4.0,0,0.19541818181818182,Banaskantha
132,31.3,23.7,23.7,16.5,26.0,15.1,17.04,40.5,31.5,18.0,8.0,1,0.22849090909090916,Bharuch
133,21.5,17.4,28.0,23.7,27.0,20.4,20.76,34.5,55.0,9.0,19.0,2,0.25114545454545456,Bhavnagar
134,44.1,44.9,9.8,8.9,28.15,16.9,17.669999999999998,37.0,7.5,11.0,6.0,0,0.21083636363636363,Dohad
135,30.5,27.1,22.1,19.2,32.9,37.9,22.11,23.5,35.5,12.0,14.0,0,0.25164545454545456,Gandhinagar
136,19.5,12.8,29.4,21.1,31.9,23.0,22.71,30.0,29.0,3.0,9.57692,1,0.21089719999999998,Jamnagar
137,16.9,16.3,25.5,21.3,29.85,21.3,23.13,25.5,47.5,5.0,3.0,2,0.21389090909090908,Junagadh
138,23.7,21.1,19.9,20.4,31.25,24.0,24.42,22.5,27.5,4.0,10.0,0,0.20797272727272728,Kachchh
139,38.5,31.0,18.0,11.5,27.25,20.1,16.11,27.0,38.5,7.0,15.0,0,0.22723636363636365,Kheda
140,26.8,27.6,22.7,17.9,30.95,34.6,23.34,32.0,44.0,8.0,9.57692,0,0.2522426545454545,Mahesena
141,44.1,31.5,11.4,16.0,27.8,20.8,16.08,26.5,47.5,4.0,14.0,0,0.23607272727272732,Narmada
142,29.5,35.9,23.1,17.0,26.05,26.8,15.569999999999999,32.0,74.0,18.0,35.0,2,0.30265454545454545,Navsari
143,46.7,37.2,10.1,12.8,25.2,18.1,15.06,28.5,29.0,7.0,11.0,0,0.21878181818181816,Panchmahal
144,30.2,30.6,17.0,15.3,29.8,27.2,20.16,30.5,35.5,10.0,12.0,0,0.2347818181818182,Patan
145,14.0,14.9,24.8,15.1,29.6,20.8,21.24,24.0,37.0,6.0,20.0,1,0.2067636363636364,Porbandar
146,17.4,16.1,36.1,22.3,26.3,18.5,17.28,31.5,30.5,7.0,9.57692,1,0.2114153818181818,Rajkot
147,37.1,25.6,12.9,18.1,33.6,35.5,21.75,23.0,28.0,6.0,14.0,0,0.23231818181818184,Sabarkantha
148,18.4,22.7,34.5,23.2,19.5,11.1,12.69,28.5,59.5,8.0,6.0,2,0.22190000000000001,Surat
149,25.7,24.3,20.6,18.2,30.75,25.0,23.04,25.0,23.0,6.0,9.0,0,0.20962727272727272,Surendranagar
150,43.4,33.5,8.8,7.0,27.2,19.7,14.85,30.0,47.5,7.0,9.0,0,0.2254090909090909,Tapi
151,44.1,35.0,4.0,5.0,36.15,41.7,22.229999999999997,13.5,20.5,3.0,6.0,0,0.21016363636363636,The Dangs
152,29.1,25.6,22.0,20.7,24.6,18.5,16.29,32.5,32.5,7.0,9.57692,1,0.2166972,Vadodara
153,22.9,15.0,24.8,23.0,25.45,15.5,15.12,34.0,39.0,8.0,6.0,1,0.20797272727272728,Valsad
154,15.7,19.5,28.4,17.9,19.55,10.7,8.49,33.0,27.5,13.0,7.0,1,0.18249090909090906,Bilaspur
155,19.1,20.7,20.8,14.5,25.6,17.0,19.889999999999997,18.5,36.0,10.0,6.0,1,0.1891727272727273,Chamba
156,13.6,14.2,30.9,31.5,17.9,8.4,12.360000000000001,29.0,35.0,11.0,33.0,1,0.2153272727272727,Hamirpur
157,18.8,18.1,28.2,20.5,29.85,18.3,14.19,36.5,34.5,6.0,11.41666,1,0.21486969090909092,Kangra
158,13.2,18.6,27.6,22.0,40.4,47.9,24.929999999999996,19.0,32.0,2.0,5.0,0,0.22966363636363632,Kinnaur
159,13.4,14.6,26.7,20.6,29.75,16.1,16.47,19.0,33.5,10.0,23.0,1,0.20283636363636362,Kullu
160,9.6,8.2,23.4,19.4,41.6,55.9,28.41,13.5,9.5,4.0,7.0,0,0.20046363636363634,Lahul and Spiti
161,15.2,15.4,23.9,15.8,19.85,16.3,11.339999999999998,18.0,20.0,8.0,7.0,1,0.15526363636363635,Mandi
162,14.1,15.0,33.2,30.2,34.3,30.6,21.0,34.0,43.0,6.0,20.0,2,0.2558181818181819,Shimla
163,19.3,19.1,25.2,27.6,24.0,14.8,19.529999999999998,32.5,28.5,10.0,8.0,1,0.2077545454545455,Sirmaur
164,15.5,24.5,32.7,18.4,33.75,27.6,21.54,28.5,43.5,9.0,11.0,2,0.2418090909090909,Solan
165,14.7,18.3,37.5,26.1,23.45,20.4,16.98,45.0,39.0,13.0,10.0,2,0.24039090909090907,Una
166,11.1,11.4,12.7,12.3,34.3,25.5,22.529999999999998,22.0,25.5,6.0,10.0,1,0.17575454545454547,Ambala
167,21.4,19.8,22.1,23.6,32.4,14.2,22.439999999999998,21.5,23.0,5.0,12.0,1,0.19767272727272725,Bhiwani
168,14.4,10.7,23.7,18.8,27.05,14.7,22.5,32.0,47.0,5.0,7.0,2,0.20259090909090907,Faridabad
169,22.2,13.2,15.1,17.8,32.7,32.0,21.15,19.5,20.0,5.0,5.0,0,0.18513636363636365,Fatehabad
170,12.5,7.1,20.2,21.8,36.6,23.1,19.86,32.5,47.5,9.0,6.7619,2,0.21538354545454544,Gurgaon
171,14.9,9.9,17.8,20.7,29.75,30.2,19.92,15.0,27.0,2.0,8.0,1,0.17742727272727274,Hisar
172,12.4,12.1,21.6,14.4,30.55,18.3,21.27,26.0,26.0,7.0,7.0,1,0.17874545454545457,Jhajjar
173,17.0,11.0,17.5,14.5,31.35,21.5,22.979999999999997,15.5,17.5,4.0,6.7619,1,0.16326536363636365,Jind
174,15.3,16.1,25.3,25.0,29.9,13.6,20.4,24.0,28.0,4.0,13.0,1,0.19509090909090904,Kaithal
175,12.9,6.4,26.3,27.5,33.5,14.6,22.65,20.0,42.5,2.0,6.7619,1,0.19555627272727272,Karnal
176,9.2,3.9,19.6,18.8,27.3,25.9,19.02,14.5,24.5,3.0,6.0,1,0.15610909090909095,Kurukshetra
177,19.2,14.7,14.4,11.9,31.75,34.1,22.11,14.0,21.5,4.0,4.0,0,0.17423636363636363,Mahendragarh
178,27.1,30.4,12.2,13.0,35.05,23.6,25.11,22.0,21.0,5.0,6.7619,0,0.2011108181818182,Mewat
179,16.9,12.2,19.1,24.7,30.1,11.9,22.56,26.5,23.0,8.0,23.0,1,0.19814545454545457,Palwal
180,6.8,7.2,22.9,10.9,27.7,29.3,19.92,27.0,29.0,4.0,6.0,1,0.1733818181818182,Panchkula
181,10.4,5.5,25.8,26.1,33.1,8.7,19.65,43.0,45.0,4.0,6.7619,2,0.20728354545454544,Panipat
182,21.4,14.4,20.1,16.8,32.55,17.0,23.34,33.0,57.0,5.0,12.0,2,0.22962727272727274,Rewari
183,16.1,10.7,21.6,14.8,28.9,16.0,22.889999999999997,22.5,30.0,10.0,9.0,1,0.1840818181818182,Rohtak
184,20.6,10.9,23.0,20.8,29.65,19.5,21.720000000000002,20.5,8.0,10.0,8.0,1,0.1751545454545455,Sirsa
185,14.1,4.3,31.3,31.5,33.25,23.7,17.58,22.5,18.5,9.0,4.0,1,0.19066363636363637,Sonipat
186,16.2,6.1,19.0,21.2,28.55,33.7,17.4,24.5,30.5,3.0,8.0,1,0.18922727272727274,Yamunanagar
187,30.7,20.3,12.1,14.2,36.2,39.5,22.2,27.5,43.5,6.0,19.0,0,0.24654545454545457,Bokaro
188,37.3,33.3,6.6,10.2,28.3,29.5,18.18,18.0,31.0,6.0,21.0,0,0.2176181818181818,Chatra
189,38.0,26.9,7.7,11.7,27.95,18.7,19.38,38.5,46.0,5.0,6.0,0,0.22348181818181817,Deoghar
190,30.9,23.9,14.7,10.5,31.8,31.4,20.970000000000002,31.5,39.5,5.0,8.95833,0,0.2264803,Dhanbad
191,37.3,17.2,4.1,8.3,31.85,29.4,22.470000000000002,23.5,38.5,4.0,17.0,0,0.21238181818181817,Dumka
192,31.8,28.3,7.5,9.7,30.05,28.4,19.62,13.5,17.0,7.0,38.0,0,0.20988181818181817,Garhwa
193,34.6,19.0,7.0,10.8,34.25,27.3,22.32,19.0,27.5,4.0,8.95833,0,0.1952075727272728,Giridih
194,35.6,23.7,6.9,7.2,35.8,26.6,24.21,24.5,57.0,9.0,8.0,0,0.2350090909090909,Godda
195,27.5,24.3,7.6,8.2,34.8,35.9,22.139999999999997,17.5,24.0,12.0,8.0,0,0.2017636363636364,Gumla
196,32.4,21.5,9.5,12.1,30.4,17.9,19.29,21.0,48.5,5.0,8.95833,0,0.20595302727272727,Hazaribagh
197,35.9,22.7,6.1,8.6,32.25,33.3,22.11,27.5,48.5,4.0,12.0,0,0.22996363636363634,Jamtara
198,25.5,16.4,5.1,4.7,32.05,42.0,19.439999999999998,28.5,42.0,9.0,14.0,0,0.21699090909090907,Khunti
199,32.5,27.4,8.9,7.8,30.9,29.0,21.720000000000002,23.0,36.0,5.0,8.95833,0,0.21016211818181818,Kodarma
200,30.0,29.2,7.9,11.9,26.95,41.7,15.03,10.0,36.0,9.0,11.0,0,0.20789090909090904,Latehar
201,34.9,25.7,8.0,12.0,33.35,44.8,19.470000000000002,18.5,39.0,9.0,8.95833,0,0.23061666363636366,Lohardaga
202,37.8,33.2,5.8,6.2,35.55,28.3,22.29,18.0,22.5,9.0,8.95833,0,0.20690757272727273,Pakur
203,30.5,28.7,11.6,12.7,26.8,23.9,17.849999999999998,15.5,24.0,12.0,18.0,0,0.20140909090909095,Palamu
204,32.4,25.3,9.3,8.7,36.4,30.6,25.139999999999997,22.0,61.5,13.0,8.0,0,0.24758181818181815,Pashchimi Singhbhum
205,20.2,14.8,16.4,13.9,33.3,35.0,19.95,25.5,39.5,7.0,6.0,0,0.21049999999999996,Purbi Singhbhum
206,28.8,24.3,12.8,11.2,33.8,30.4,21.389999999999997,24.5,43.5,3.0,7.0,0,0.2188090909090909,Ramgarh
207,29.1,27.3,16.0,14.2,32.25,27.6,19.439999999999998,31.5,20.0,8.0,13.0,0,0.21671818181818184,Ranchi
208,31.5,24.0,7.7,10.6,30.95,21.8,21.12,20.0,35.0,12.0,9.0,0,0.20333636363636362,Sahibganj
209,34.8,23.9,12.4,17.6,39.4,38.7,24.57,37.5,70.0,14.0,8.95833,2,0.2925712090909091,Saraikela Kharsawan
210,30.4,29.3,4.4,1.1,39.1,41.5,24.0,23.0,63.5,4.0,8.95833,0,0.24478030000000003,Simdega
211,8.8,10.7,33.1,14.9,13.4,11.2,7.68,37.5,19.0,9.0,4.0,1,0.1538909090909091,Anantnag
212,10.9,9.7,31.4,15.3,26.8,11.8,16.619999999999997,34.0,15.5,6.0,7.0,1,0.16820000000000002,Badgam
213,9.6,7.6,34.1,18.3,21.65,14.0,13.889999999999999,26.0,26.0,11.0,3.0,1,0.16830909090909094,Bandipore
214,14.4,6.1,24.5,21.7,22.45,10.8,15.899999999999999,18.5,19.0,5.0,15.0,1,0.1575909090909091,Baramula
215,14.6,14.6,18.7,15.7,10.35,10.9,9.48,16.0,15.5,19.0,32.0,1,0.16075454545454546,Doda
216,9.0,11.5,33.8,18.4,21.2,14.0,11.7,28.0,28.5,9.0,12.0,1,0.17918181818181814,Ganderbal
217,14.1,14.4,36.9,28.4,17.8,15.9,10.110000000000001,37.5,57.5,9.0,27.0,2,0.24419090909090907,Jammu
218,15.6,13.9,13.6,10.9,14.85,4.1,14.639999999999999,5.0,10.5,5.0,2.0,1,0.1000818181818182,Kargil
219,15.9,15.0,24.6,19.2,19.05,20.8,11.94,21.5,39.0,4.0,9.0,1,0.18180909090909095,Kathua
220,12.9,8.6,14.5,16.1,20.15,33.7,13.35,13.0,15.0,6.0,8.0,1,0.14663636363636365,Kishtwar
221,7.9,8.3,31.4,15.5,21.15,11.1,14.01,28.5,31.5,15.0,11.0,1,0.17759999999999998,Kulgam
222,15.9,19.4,20.5,15.5,29.5,14.3,18.63,26.0,31.5,9.0,3.0,1,0.18475454545454542,Kupwara
223,5.2,7.5,19.2,29.8,16.8,5.1,12.989999999999998,10.5,9.0,5.0,22.0,1,0.13008181818181822,Leh(Ladakh)
224,9.1,10.4,34.0,22.6,24.4,17.5,12.569999999999999,16.5,23.5,11.0,9.0,1,0.17324545454545454,Pulwama
225,14.3,19.7,21.1,17.0,14.1,12.6,12.989999999999998,17.0,17.5,10.0,7.0,1,0.14844545454545455,Punch
226,17.5,13.0,21.0,15.1,16.7,16.6,13.739999999999998,18.0,15.5,11.0,15.0,1,0.1574,Rajouri
227,14.7,10.5,17.8,16.6,17.05,24.8,11.01,13.5,3.0,21.0,6.0,1,0.1417818181818182,Ramban
228,13.7,15.1,16.5,13.0,19.8,16.9,16.32,16.5,19.5,3.0,11.0,1,0.14665454545454548,Reasi
229,16.6,16.0,35.3,24.4,18.55,8.4,13.77,34.5,31.5,7.0,12.0,1,0.19820000000000002,Samba
230,9.3,9.1,31.3,15.3,19.4,10.2,10.98,37.5,21.0,9.0,9.0,1,0.16552727272727275,Shupiyan
231,4.3,2.1,40.8,34.6,24.4,15.6,10.77,46.5,71.5,7.0,1.0,2,0.23506363636363634,Srinagar
232,19.2,21.5,20.3,14.1,25.15,35.2,17.25,18.5,11.5,5.0,10.227269999999999,0,0.17993388181818182,Udhampur
233,21.3,19.3,16.6,13.6,20.4,13.5,18.78,20.0,21.0,7.0,12.0,1,0.1668,Bagalkot
234,21.3,16.7,24.5,22.3,23.1,22.9,14.639999999999999,33.5,29.5,11.0,21.0,1,0.21858181818181813,Bangalore Rural
235,14.0,8.7,32.0,26.1,19.8,20.5,15.51,41.5,54.5,4.0,7.0,2,0.2214636363636364,Bangalore
236,20.6,17.5,20.7,27.5,20.6,17.3,19.889999999999997,30.0,45.0,3.0,13.33333,2,0.21402120909090908,Belgaum
237,23.6,18.4,18.9,20.9,24.95,20.0,21.689999999999998,20.0,32.5,6.0,25.0,1,0.21085454545454543,Bellary
238,26.0,24.8,15.9,17.0,22.15,19.2,20.729999999999997,19.5,36.0,4.0,8.0,0,0.19389090909090909,Bidar
239,19.5,11.4,18.0,16.2,20.95,20.5,20.4,19.5,27.0,7.0,8.0,1,0.17131818181818184,Bijapur
240,26.1,18.0,17.3,18.8,22.25,23.1,15.96,26.5,50.5,19.0,11.0,2,0.2259181818181818,Chamarajanagar
241,24.8,24.7,22.9,20.8,27.0,22.8,18.869999999999997,33.0,28.0,3.0,15.0,1,0.21897272727272724,Chikkaballapura
242,24.9,20.5,23.5,16.9,21.1,12.7,17.369999999999997,41.5,50.0,8.0,13.33333,2,0.22709393636363637,Chikmagalur
243,22.7,17.6,13.1,20.2,21.85,24.5,19.32,25.5,36.0,5.0,6.0,0,0.19251818181818178,Chitradurga
244,25.6,21.8,26.0,20.4,22.7,15.7,16.29,27.5,45.0,14.0,10.0,2,0.22271818181818184,Dakshina Kannada
245,22.7,18.5,25.8,20.1,23.45,18.9,19.77,32.5,66.0,13.0,24.0,2,0.25883636363636364,Davanagere
246,16.0,13.2,29.4,30.3,22.95,18.3,15.21,43.0,43.5,7.0,17.0,2,0.23259999999999997,Dharwad
247,21.1,15.0,11.7,24.2,20.55,19.4,21.21,18.0,32.0,10.0,5.0,1,0.18014545454545455,Gadag
248,22.5,20.5,14.8,18.8,21.55,14.9,21.720000000000002,18.0,42.5,4.0,4.0,0,0.18479090909090912,Gulbarga
249,18.4,18.3,27.9,28.7,23.5,24.5,15.93,44.0,34.0,10.0,34.0,1,0.2538454545454545,Hassan
250,21.5,19.6,19.6,15.0,26.35,15.3,19.169999999999998,25.5,27.0,10.0,7.0,1,0.1872909090909091,Haveri
251,19.6,23.1,26.2,24.2,18.6,10.6,13.98,38.0,36.0,17.0,9.0,1,0.21479999999999996,Kodagu
252,23.5,26.1,23.6,21.3,22.45,15.7,17.189999999999998,32.0,54.5,6.0,9.0,2,0.22849090909090908,Kolar
253,26.9,21.4,12.0,20.2,22.8,16.2,20.429999999999996,27.0,46.5,8.0,6.0,0,0.20675454545454544,Koppal
254,18.2,13.8,26.6,20.7,23.1,13.9,16.56,36.5,32.0,2.0,13.0,1,0.19669090909090906,Mandya
255,19.1,10.2,29.3,20.2,22.8,9.1,18.03,29.5,36.5,5.0,12.0,1,0.1924818181818182,Mysore
256,20.8,9.3,19.8,27.6,29.35,24.1,21.179999999999996,29.0,41.0,6.0,18.0,1,0.2237545454545455,Raichur
257,22.4,14.8,22.8,37.8,23.75,20.6,16.169999999999998,27.5,21.0,8.0,17.0,1,0.21074545454545454,Ramanagara
258,22.7,31.1,24.8,15.5,24.3,21.8,16.139999999999997,45.0,29.5,15.0,34.0,1,0.2544,Shimoga
259,20.3,17.3,22.3,19.3,26.35,19.6,16.139999999999997,33.5,44.5,10.0,8.0,2,0.2157181818181818,Tumkur
260,27.6,18.4,20.7,22.5,22.35,13.2,16.86,28.0,46.5,7.0,33.0,2,0.23282727272727274,Udupi
261,31.7,29.9,20.4,16.5,20.95,12.4,14.31,30.5,64.0,11.0,12.0,2,0.23969090909090907,Uttara Kannada
262,27.4,17.5,12.9,10.9,23.85,13.8,22.2,34.0,42.0,6.0,15.0,0,0.20504545454545456,Yadgir
263,12.4,12.0,37.7,22.1,13.5,15.3,7.469999999999999,50.5,71.0,4.0,8.5,2,0.23133636363636362,Alappuzha
264,7.3,7.4,34.5,38.9,18.8,6.9,7.02,43.5,85.0,6.0,8.5,2,0.23983636363636363,Ernakulam
265,10.2,9.9,28.9,26.2,12.85,12.0,8.819999999999999,47.5,73.0,1.0,17.0,2,0.22488181818181818,Idukki
266,9.7,6.0,30.1,30.1,18.65,7.4,13.23,37.5,75.0,4.0,13.0,2,0.2224363636363636,Kannur
267,13.0,8.6,27.5,24.4,17.5,7.9,11.31,38.5,49.0,10.0,14.0,2,0.20155454545454543,Kasaragod
268,6.7,10.6,38.2,30.6,12.75,14.1,5.430000000000001,47.0,52.0,5.0,5.0,2,0.20670909090909087,Kollam
270,12.3,14.4,27.1,16.4,21.45,19.5,11.91,49.5,98.0,3.0,8.5,2,0.2564181818181818,Kozhikode
271,8.8,6.5,34.1,33.4,19.3,12.0,16.38,51.0,70.5,5.0,7.0,2,0.23998181818181816,Malappuram
272,13.5,9.9,32.1,27.0,21.1,16.4,12.33,38.5,57.5,3.0,17.0,2,0.2257545454545454,Palakkad
273,10.5,7.6,39.7,35.9,11.2,6.7,5.52,55.5,39.5,13.0,23.0,2,0.22556363636363636,Pathanamthitta
274,9.0,6.2,33.6,25.2,11.25,3.7,6.1499999999999995,31.0,52.5,11.0,8.5,2,0.1800909090909091,Thiruvananthapuram
275,8.2,8.4,28.1,26.4,21.05,11.6,11.819999999999999,25.0,34.0,7.0,7.0,1,0.17142727272727276,Thrissur
277,22.5,23.5,18.3,20.4,23.05,17.3,14.19,21.5,25.5,8.0,7.0,1,0.18294545454545455,Ahmadnagar
278,25.1,18.9,20.6,18.0,19.35,20.0,15.96,26.5,44.5,13.0,10.0,1,0.2108272727272727,Akola
279,26.8,20.2,18.7,21.3,21.4,19.4,15.149999999999999,29.5,39.5,12.0,27.0,1,0.22813636363636364,Amravati
280,21.5,30.4,23.2,16.6,22.5,17.5,11.489999999999998,22.5,24.0,10.0,9.428569999999999,1,0.19010779090909094,Aurangabad
281,33.3,29.9,14.5,10.7,26.35,28.0,12.9,23.5,46.5,3.0,8.0,0,0.21513636363636363,Bhandara
282,22.9,27.8,18.6,13.8,18.25,9.9,17.22,24.5,4.5,7.0,9.428569999999999,1,0.15808960909090908,Bid
283,28.0,25.4,16.8,11.4,20.5,8.6,12.93,17.5,15.5,8.0,9.428569999999999,1,0.15823506363636367,Buldana
284,29.9,29.7,12.2,17.4,24.35,15.9,17.639999999999997,20.5,38.0,3.0,17.0,0,0.20508181818181814,Chandrapur
285,30.1,25.6,14.0,16.9,26.75,23.9,20.099999999999998,28.5,38.5,9.0,13.0,0,0.22395454545454543,Dhule
286,27.9,19.6,6.5,11.0,25.85,31.9,17.49,20.0,22.0,4.0,5.0,0,0.17385454545454546,Gadchiroli
287,35.4,29.8,6.8,9.5,27.55,28.8,17.099999999999998,23.0,52.0,12.0,25.0,0,0.2426818181818182,Gondiya
288,29.0,24.5,13.9,7.4,21.0,13.4,15.45,22.0,34.5,4.0,12.0,0,0.17922727272727276,Hingoli
289,18.9,14.0,23.8,19.5,25.85,28.2,18.06,22.5,18.0,9.0,18.0,1,0.1961909090909091,Jalgaon
290,29.1,24.3,15.5,20.3,21.95,11.4,14.85,12.5,11.0,6.0,9.428569999999999,1,0.16029870000000004,Jalna
291,23.4,24.3,27.2,24.4,23.4,20.8,13.56,30.5,25.0,13.0,21.0,1,0.22414545454545448,Kolhapur
292,25.2,20.0,19.9,17.8,18.75,12.8,16.08,18.0,33.5,5.0,6.0,1,0.1754818181818182,Latur
293,15.1,14.0,36.3,33.0,25.2,12.8,21.0,32.0,24.5,4.0,10.0,1,0.20718181818181816,Mumbai Suburban
294,17.8,14.9,34.0,37.9,24.7,23.0,19.71,59.0,70.0,2.0,9.428569999999999,2,0.28403506363636366,Mumbai
295,23.0,19.1,23.3,18.4,23.3,19.1,13.41,24.0,53.0,4.0,25.0,2,0.2232818181818182,Nagpur
296,29.3,25.9,13.6,13.4,23.75,15.5,16.08,14.0,32.0,11.0,14.0,0,0.18957272727272734,Nanded
297,42.4,36.7,9.7,8.1,30.1,33.6,18.03,18.5,24.5,5.0,4.0,0,0.20966363636363639,Nandurbar
298,25.8,16.8,22.9,23.7,27.35,16.4,15.87,23.5,30.5,3.0,9.428569999999999,1,0.19568051818181817,Nashik
299,21.9,20.6,19.4,21.5,18.2,15.0,11.01,23.0,32.5,7.0,8.0,1,0.1801,Osmanabad
300,31.4,26.4,14.0,13.5,23.2,15.9,15.629999999999999,20.5,43.5,5.0,28.0,0,0.21548181818181822,Parbhani
301,17.8,10.7,30.2,33.4,25.0,17.4,16.02,23.0,20.0,2.0,11.0,1,0.18774545454545455,Pune
302,21.8,18.5,27.3,21.4,26.55,13.3,16.02,31.5,55.5,7.0,9.428569999999999,2,0.2257259727272727,Raigarh
303,31.7,26.9,16.6,23.4,23.65,20.6,15.03,29.0,53.0,6.0,9.428569999999999,2,0.23209869999999996,Ratnagiri
304,21.1,19.3,28.4,29.7,25.6,19.5,14.879999999999999,30.5,44.5,4.0,15.0,2,0.22952727272727272,Sangli
305,30.5,24.7,19.3,28.6,24.7,16.6,16.56,22.0,10.5,9.0,15.0,1,0.19769090909090908,Satara
306,29.6,17.2,20.8,20.7,22.2,18.2,11.969999999999999,43.0,60.5,8.0,16.0,2,0.2437909090909091,Sindhudurg
307,19.0,15.7,23.0,33.6,22.15,14.9,15.45,32.0,31.5,6.0,9.428569999999999,1,0.20248051818181823,Solapur
308,21.4,13.1,29.0,27.4,24.2,17.1,16.23,20.5,22.5,6.0,9.428569999999999,1,0.1880532454545455,Thane
309,29.4,20.0,17.0,14.4,21.25,24.8,14.549999999999999,21.0,19.5,5.0,9.428569999999999,0,0.17848051818181818,Wardha
310,26.6,17.0,11.4,18.5,17.75,20.3,18.09,20.0,44.5,7.0,15.0,0,0.19649090909090908,Washim
311,29.0,25.8,13.0,14.4,23.45,21.2,20.67,17.5,26.5,6.0,9.428569999999999,0,0.18813506363636365,Yavatmal
312,11.2,7.5,8.7,8.2,32.9,58.3,22.62,19.0,11.0,11.0,36.0,0,0.20583636363636362,East Garo Hills
313,12.8,16.1,16.7,8.2,23.4,15.8,13.98,27.0,55.5,9.0,6.0,2,0.18589090909090908,East Khasi Hills
314,13.2,6.4,10.4,7.4,22.8,28.4,9.989999999999998,20.5,22.5,8.0,12.285710000000002,1,0.14715973636363638,Jaintia Hills
315,16.7,16.6,10.5,6.5,34.0,32.3,13.319999999999999,16.5,19.5,5.0,15.0,0,0.16901818181818182,Ribhoi
316,3.4,4.0,14.2,23.2,23.3,37.0,22.470000000000002,22.0,34.5,4.0,13.0,1,0.1827909090909091,South Garo Hills
317,12.4,12.3,10.8,13.3,35.55,40.5,15.81,18.5,34.0,6.0,12.285710000000002,0,0.19222337272727275,West Garo Hills
318,10.1,9.6,8.2,7.9,23.65,24.5,10.739999999999998,18.0,17.0,11.0,16.0,1,0.14244545454545454,West Khasi Hills
319,11.0,12.7,24.5,21.7,13.4,9.8,6.419999999999999,30.0,55.5,8.0,6.0,2,0.18092727272727274,Bishnupur
320,6.2,8.1,24.4,15.3,11.75,11.8,8.52,30.5,42.0,7.0,14.11111,1,0.16334646363636363,Chandel
321,7.8,5.0,22.5,18.7,10.15,4.4,5.25,55.0,95.5,6.0,48.0,2,0.25300000000000006,Churachandpur
322,9.7,14.3,30.8,22.2,13.65,9.1,6.24,40.0,56.5,7.0,20.0,2,0.20862727272727274,Imphal East
323,7.6,9.9,30.7,23.4,14.55,12.9,8.79,45.5,47.5,14.0,5.0,2,0.19985454545454545,Imphal West
324,8.9,7.3,19.0,19.0,12.55,5.6,6.84,31.0,28.5,11.0,6.0,1,0.14153636363636365,Senapati
325,8.1,4.0,12.4,7.9,13.5,12.6,6.869999999999999,24.0,27.5,13.0,32.0,1,0.14715454545454543,Tamenglong
326,9.7,14.4,25.8,20.7,14.15,9.2,7.469999999999999,30.5,24.5,10.0,10.0,1,0.16038181818181815,Thoubal
327,7.7,12.1,12.0,4.6,8.0,6.0,7.709999999999999,30.0,32.5,8.0,14.11111,1,0.12974646363636363,Ukhrul
328,35.8,35.9,7.2,8.1,32.2,48.5,22.349999999999998,20.0,37.0,8.0,7.02,0,0.23824545454545457,Alirajpur
329,26.2,27.3,10.3,10.1,31.15,43.0,20.279999999999998,26.5,46.0,9.0,10.0,0,0.23620909090909092,Anuppur
330,30.1,36.0,10.0,6.4,21.15,23.1,18.06,9.0,13.0,5.0,5.0,0,0.16073636363636368,Ashoknagar
331,42.4,39.9,7.4,2.1,34.3,38.8,20.76,23.0,34.5,2.0,7.02,0,0.2292545454545455,Balaghat
332,40.8,39.7,10.8,9.9,32.9,44.1,24.599999999999998,28.5,31.5,4.0,7.02,0,0.24892727272727272,Barwani
333,27.2,21.5,12.2,6.8,27.05,37.5,18.45,20.5,26.5,7.0,7.02,0,0.19247272727272727,Betul
334,29.6,29.0,12.1,11.7,33.0,35.3,21.54,9.5,16.0,1.0,7.02,0,0.18705454545454545,Bhind
335,19.1,23.5,23.5,21.7,23.5,23.1,23.189999999999998,20.5,36.0,5.0,7.02,1,0.20555454545454543,Bhopal
336,28.4,22.9,16.3,12.2,33.15,32.4,24.06,24.0,21.0,7.0,8.0,0,0.20855454545454544,Burhanpur
337,28.2,31.1,10.4,6.7,24.05,19.1,19.86,26.5,50.5,6.0,7.02,0,0.20857272727272724,Chhatarpur
338,29.1,22.5,14.0,12.0,26.05,21.2,19.71,23.5,42.0,4.0,8.0,0,0.2018727272727273,Chhindwara
339,27.1,35.4,13.0,6.2,22.75,23.9,22.71,41.5,26.0,3.0,7.02,0,0.20779999999999996,Damoh
340,32.3,40.3,10.0,3.5,30.15,27.5,21.96,18.5,20.5,4.0,7.02,0,0.1961181818181818,Datia
341,28.7,23.5,14.6,16.8,23.9,19.9,19.74,24.5,32.5,7.0,5.0,0,0.19649090909090908,Dewas
342,30.4,27.2,12.1,12.7,28.1,20.5,22.59,24.5,19.0,5.0,26.0,0,0.20735454545454546,Dhar
343,35.8,24.3,4.8,4.5,33.25,39.5,19.95,27.0,33.5,8.0,6.0,0,0.2150909090909091,Dindori
344,34.2,39.0,10.9,5.8,23.1,17.0,20.220000000000002,14.0,15.0,5.0,4.0,0,0.1711090909090909,Guna
345,22.2,24.5,14.1,11.1,28.7,35.0,20.58,18.0,28.5,4.0,7.0,0,0.19425454545454543,Gwalior
346,22.3,28.4,16.3,12.4,25.65,29.1,19.71,25.0,41.0,7.0,10.0,0,0.2153272727272727,Harda
347,23.0,18.5,14.7,7.8,27.9,35.0,20.189999999999998,15.0,32.5,5.0,3.0,0,0.18417272727272727,Hoshangabad
348,18.9,16.8,23.6,22.3,23.4,22.2,21.36,27.0,39.0,8.0,21.0,1,0.22141818181818182,Indore
349,23.3,25.3,21.0,15.3,24.8,20.2,17.82,26.5,40.0,9.0,6.0,0,0.20838181818181817,Jabalpur
350,30.4,32.6,9.9,6.4,29.4,32.1,21.720000000000002,25.0,42.0,5.0,10.0,0,0.22229090909090907,Jhabua
351,27.2,21.4,16.0,14.7,26.0,18.9,19.65,47.0,43.0,11.0,18.0,2,0.23895454545454545,Katni
352,34.7,34.9,12.9,9.1,29.25,20.8,23.099999999999998,24.0,21.5,7.0,16.0,0,0.21204545454545454,Khandwa (East Nimar)
353,36.8,29.0,11.3,11.7,28.9,28.4,23.07,23.5,22.5,10.0,9.0,0,0.21288181818181817,Khargone (West Nimar)
354,34.0,34.1,7.6,6.4,34.95,37.6,20.91,23.0,29.5,9.0,13.0,0,0.2273272727272727,Mandla
355,31.1,34.9,14.1,12.4,25.1,25.8,19.83,35.0,56.5,15.0,14.0,2,0.25793636363636363,Mandsaur
356,27.5,30.4,14.1,10.0,28.0,28.8,20.189999999999998,12.0,25.5,3.0,7.02,0,0.18773636363636365,Morena
357,25.1,25.0,15.4,14.8,24.8,16.4,20.79,44.5,50.5,14.0,7.02,2,0.23482727272727272,Narsimhapur
358,31.1,15.9,14.3,16.4,24.6,16.7,20.639999999999997,37.5,55.5,7.0,16.0,2,0.2324,Neemuch
359,25.8,33.6,11.5,8.9,24.35,16.2,20.46,36.0,55.5,7.0,16.0,2,0.2321,Panna
360,29.5,38.2,14.2,7.1,25.35,21.1,20.4,14.5,37.5,4.0,6.0,0,0.19804545454545455,Raisen
361,37.5,29.5,7.2,6.6,25.15,18.7,18.75,13.5,15.0,3.0,7.02,0,0.16538181818181819,Rajgarh
362,33.7,35.9,15.6,7.0,27.2,23.0,22.77,29.5,40.0,22.0,6.0,0,0.23879090909090908,Ratlam
363,23.2,25.8,15.4,14.1,20.45,23.3,16.349999999999998,18.5,26.5,1.0,7.02,0,0.17420000000000002,Rewa
364,24.1,29.3,14.1,8.4,19.85,15.2,20.220000000000002,47.5,55.0,11.0,14.0,2,0.23515454545454542,Sagar
365,22.2,25.5,15.9,12.6,24.4,24.3,21.09,31.0,29.0,3.0,9.0,0,0.19817272727272728,Satna
366,26.6,29.3,14.4,12.9,23.45,20.1,19.62,12.0,27.5,1.0,12.0,0,0.18079090909090906,Sehore
367,32.4,23.5,8.7,15.2,27.65,21.5,18.24,30.0,35.0,5.0,10.0,0,0.20653636363636363,Seoni
368,29.1,29.9,12.3,8.2,30.25,34.3,19.95,25.0,39.5,4.0,7.02,0,0.21774545454545455,Shahdol
369,29.4,28.9,11.6,10.5,26.4,33.0,23.25,21.0,24.5,3.0,6.0,0,0.19777272727272727,Shajapur
370,43.9,39.2,6.4,5.7,30.8,33.4,23.25,18.0,28.5,4.0,6.0,0,0.2174090909090909,Sheopur
371,31.4,33.4,9.5,4.2,24.5,19.6,18.81,23.0,34.0,2.0,7.02,0,0.18857272727272723,Shivpuri
372,27.0,32.9,10.3,7.1,25.25,20.6,20.31,23.0,48.0,3.0,7.02,0,0.2040727272727272,Sidhi
373,19.4,15.0,11.0,12.3,26.3,35.1,18.54,24.0,25.0,6.0,6.0,0,0.1805818181818182,Singrauli
374,30.8,31.2,8.0,6.7,22.9,20.0,20.13,32.5,34.0,9.0,7.02,0,0.20204545454545453,Tikamgarh
375,26.4,23.1,17.5,11.4,23.7,18.2,20.729999999999997,37.0,37.0,9.0,5.0,0,0.2082090909090909,Ujjain
376,29.3,36.4,9.6,3.2,30.75,37.4,22.05,23.5,13.0,6.0,14.0,0,0.2047272727272727,Umaria
377,28.0,35.9,11.3,4.4,22.1,22.9,20.939999999999998,40.5,43.0,12.0,26.0,0,0.24276363636363635,Vidisha
378,7.0,5.3,26.8,26.0,9.25,6.2,3.15,47.5,55.5,5.0,9.75,2,0.18313636363636362,Aizawl
379,6.7,8.5,17.4,17.8,6.4,10.2,2.37,34.5,39.5,9.0,4.0,1,0.14215454545454545,Champhai
380,8.9,6.0,24.9,19.2,19.25,18.0,12.33,56.5,68.0,9.0,14.0,2,0.2328,Kolasib
381,10.4,10.9,10.2,20.9,17.9,15.9,10.139999999999999,34.0,40.0,4.0,17.0,1,0.17394545454545457,Lawngtlai
382,9.8,9.8,20.3,18.5,18.55,24.8,8.069999999999999,45.0,61.0,9.0,3.0,2,0.20710909090909088,Lunglei
383,10.3,6.4,12.7,11.8,13.95,12.4,5.7,32.5,43.5,4.0,15.0,1,0.15295454545454545,Mamit
384,11.1,8.3,9.4,9.5,13.85,18.2,6.21,22.0,31.5,7.0,15.0,1,0.13823636363636363,Saiha
385,9.8,8.3,19.0,16.0,12.45,10.8,8.64,56.0,44.0,12.0,10.0,2,0.18817272727272727,Serchhip
386,13.4,16.6,22.6,13.7,12.6,12.5,4.56,33.0,46.5,21.0,15.0,2,0.19223636363636365,Dimapur
387,12.2,10.9,9.0,8.2,11.4,3.3,5.49,29.0,46.0,17.0,17.0,1,0.15408181818181818,Kiphire
388,10.6,13.3,20.3,22.5,9.8,11.6,8.52,36.5,61.5,25.0,16.0,2,0.21420000000000003,Kohima
389,15.0,11.0,6.8,6.7,9.7,7.6,3.57,36.0,56.0,19.0,13.27272,2,0.16785701818181817,Longleng
390,14.5,8.0,22.1,18.6,10.0,15.7,3.2099999999999995,58.5,81.0,28.0,36.0,2,0.2687363636363636,Mokokchung
391,15.8,9.7,5.4,18.1,18.05,10.1,11.46,35.0,32.0,14.0,9.0,1,0.16237272727272728,Mon
392,7.2,10.9,19.0,9.3,8.75,12.0,4.14,21.0,27.5,13.0,8.0,1,0.1279909090909091,Peren
393,8.2,7.6,14.2,12.0,4.5,2.9,2.4599999999999995,24.5,41.0,35.0,10.0,1,0.14759999999999998,Phek
394,11.8,11.4,7.1,7.1,13.5,9.1,5.76,33.0,69.5,20.0,13.27272,2,0.18321156363636362,Tuensang
395,11.8,9.1,12.4,13.9,15.8,17.0,8.52,54.5,46.0,28.0,20.0,2,0.21547272727272732,Wokha
396,10.5,6.4,18.5,10.9,12.7,7.4,8.67,46.5,32.0,21.0,15.0,1,0.17233636363636362,Zunheboto
397,21.8,22.1,17.6,17.4,22.0,27.0,11.219999999999999,29.5,48.0,12.0,21.0,2,0.22692727272727273,Anugul
398,31.8,20.6,10.9,11.4,30.55,37.1,20.189999999999998,33.0,48.0,3.0,8.0,0,0.2314,Balangir
399,25.4,15.5,15.8,22.8,20.55,21.4,8.58,38.5,81.0,11.0,8.133329999999999,2,0.24423939090909091,Baleshwar
400,31.1,13.8,14.5,17.3,34.25,35.0,20.49,27.0,46.0,10.0,8.133329999999999,0,0.23415757272727272,Bargarh
401,31.0,23.4,8.7,14.8,24.95,27.3,13.23,25.0,64.0,2.0,9.0,2,0.22125454545454543,Baudh
402,30.3,19.7,13.9,22.5,21.75,22.0,6.81,57.5,68.5,3.0,10.0,2,0.25087272727272725,Bhadrak
403,19.2,15.3,28.5,25.0,18.9,18.4,5.669999999999999,57.5,67.5,12.0,8.133329999999999,2,0.2510030272727273,Cuttack
404,31.4,20.3,10.8,10.8,21.3,28.4,9.0,28.0,48.0,12.0,1.0,0,0.2009090909090909,Debagarh
405,25.6,23.3,18.8,16.2,19.7,31.3,11.819999999999999,43.5,81.5,3.0,8.133329999999999,2,0.2571393909090909,Dhenkanal
406,22.1,16.8,11.2,13.7,29.25,33.6,17.369999999999997,30.0,24.0,3.0,8.133329999999999,0,0.19013939090909088,Gajapati
407,21.5,17.7,20.9,16.4,20.65,34.5,11.219999999999999,38.5,54.5,6.0,8.133329999999999,2,0.22727575454545457,Ganjam
408,17.3,17.4,25.7,28.3,17.9,10.4,7.02,32.0,74.0,9.0,10.0,2,0.2263818181818182,Jagatsinghapur
409,28.4,21.0,17.5,9.4,21.65,18.8,9.0,42.5,49.0,4.0,8.0,2,0.20840909090909096,Jajapur
410,27.9,27.3,18.6,16.0,34.6,34.1,20.13,42.0,56.0,2.0,9.0,2,0.2614818181818182,Jharsuguda
411,34.2,30.4,9.6,14.1,34.35,36.4,20.16,21.5,42.0,3.0,18.0,0,0.2397363636363636,Kalahandi
412,28.1,23.8,8.2,7.0,26.35,27.9,12.81,17.5,33.0,5.0,7.0,0,0.1787818181818182,Kandhamal
413,24.3,28.4,16.4,8.9,21.15,35.2,8.61,38.0,52.5,2.0,20.0,2,0.23223636363636366,Kendrapara
414,28.9,19.9,13.9,22.9,20.25,18.8,9.81,39.0,23.0,15.0,17.0,1,0.20769090909090906,Kendujhar
415,15.4,9.8,30.2,27.1,22.65,13.6,5.7,37.0,53.0,3.0,9.0,2,0.20586363636363633,Khordha
416,34.5,24.7,10.2,18.3,31.65,40.0,21.42,26.0,61.5,5.0,9.0,0,0.25660909090909095,Koraput
417,45.9,26.0,6.2,6.7,35.65,47.2,21.66,24.5,42.5,4.0,24.0,0,0.25846363636363634,Malkangiri
418,31.6,16.4,8.6,16.4,21.2,23.4,10.35,39.5,48.0,11.0,8.133329999999999,2,0.21325757272727267,Mayurbhanj
419,36.1,26.4,6.8,7.8,35.75,41.4,21.57,31.5,42.0,7.0,13.0,0,0.2448363636363636,Nabarangapur
420,30.0,29.5,16.9,10.5,33.5,21.7,22.59,31.0,38.0,10.0,4.77464,0,0.22587694545454545,Jyotiba Phule Nagar
421,23.4,30.5,13.5,10.1,12.95,17.8,12.45,14.0,28.5,6.0,4.77464,0,0.15815876363636364,Kannauj
422,26.6,33.7,11.5,4.6,31.4,21.9,19.74,11.5,17.0,1.0,7.0,0,0.16903636363636365,Kanpur Dehat
423,14.8,17.2,16.9,16.4,29.35,24.6,22.08,16.0,18.0,5.0,4.0,1,0.16757272727272726,Kanpur Nagar
424,28.6,23.4,13.4,8.4,17.2,24.1,12.27,12.5,17.0,7.0,7.0,0,0.15533636363636363,Kanshiram Nagar
425,34.3,28.9,8.4,9.1,29.2,24.7,20.220000000000002,12.5,30.5,3.0,4.77464,0,0.18690421818181813,Kaushambi
426,35.7,40.9,8.5,6.5,21.55,19.6,14.939999999999998,16.0,26.0,12.0,4.77464,0,0.18769512727272722,Kheri
427,27.7,27.4,13.6,8.5,25.4,25.9,17.639999999999997,20.5,32.0,9.0,8.0,0,0.1960363636363636,Kushinagar
428,26.9,31.0,8.3,5.5,23.8,17.9,22.74,27.0,26.0,1.0,4.77464,0,0.17719512727272727,Lalitpur
429,14.7,14.3,22.5,18.1,29.2,22.9,21.599999999999998,25.5,33.0,8.0,6.0,1,0.1961818181818182,Lucknow
430,22.6,22.9,20.0,16.2,19.6,11.2,14.669999999999998,23.5,26.5,5.0,14.0,1,0.17833636363636363,Mahamaya Nagar
431,28.5,24.2,14.0,8.9,24.05,28.6,17.639999999999997,49.0,69.0,9.0,4.77464,2,0.25242239999999994,Maharajganj
432,35.0,26.5,8.6,11.9,32.4,16.4,23.279999999999998,18.0,32.5,4.0,4.77464,0,0.1939587636363636,Mahoba
433,21.4,24.7,14.3,9.7,13.5,12.5,12.51,14.5,24.0,8.0,15.0,1,0.15464545454545456,Mainpuri
434,18.1,18.5,22.3,18.5,22.55,22.4,16.95,17.5,42.5,5.0,5.0,1,0.19027272727272726,Mathura
435,25.8,36.1,15.1,12.7,26.65,24.5,18.389999999999997,24.0,47.0,12.0,7.0,0,0.2265818181818182,Mau
436,18.8,19.1,29.9,19.9,29.95,16.5,21.57,30.0,30.0,8.0,3.0,1,0.2061090909090909,Meerut
438,28.4,28.2,17.8,14.1,31.0,19.7,22.439999999999998,33.0,51.0,5.0,2.0,0,0.22967272727272728,Moradabad
439,21.2,26.4,21.7,11.0,32.3,23.3,23.61,32.5,46.0,3.0,4.77464,0,0.2234405818181818,Muzaffarnagar
440,29.2,36.5,15.2,9.7,28.55,21.3,23.25,41.5,75.5,5.0,4.77464,2,0.2640678545454545,Pilibhit
441,28.1,21.9,12.0,10.1,25.7,23.6,18.48,13.5,35.5,2.0,9.0,0,0.18170909090909093,Pratapgarh
442,25.4,32.0,11.0,7.0,23.3,24.7,18.06,13.0,22.0,4.0,4.77464,0,0.1683951272727273,Rae Bareli
443,28.0,29.3,16.0,11.0,29.35,21.1,23.099999999999998,36.0,71.0,7.0,7.0,2,0.25349999999999995,Rampur
444,27.9,25.6,19.7,17.6,30.65,18.8,22.65,33.5,33.0,7.0,4.0,0,0.2185454545454545,Saharanpur
445,26.4,21.7,13.5,18.0,25.45,22.3,20.729999999999997,38.5,39.0,7.0,4.77464,0,0.21577694545454545,Sant Kabir Nagar
446,24.4,23.2,13.6,11.8,27.5,24.4,18.689999999999998,12.0,12.5,4.0,12.0,0,0.16735454545454545,Sant Ravidas Nagar
447,30.0,39.4,17.0,7.4,30.4,23.2,23.07,30.0,55.0,6.0,12.0,0,0.2486090909090909,Shahjahanpur
448,24.6,25.6,9.4,7.9,24.35,32.4,20.970000000000002,37.5,59.5,8.0,4.77464,2,0.2318133090909091,Shrawasti
449,27.7,41.5,13.2,10.1,28.3,44.3,19.529999999999998,47.0,78.5,10.0,9.0,2,0.2992090909090909,Siddharthnagar
450,35.8,41.7,9.6,4.3,19.4,21.8,15.78,21.5,17.0,11.0,7.0,0,0.18625454545454545,Sitapur
452,30.4,24.9,14.3,12.6,28.6,25.2,20.07,18.0,40.0,3.0,4.77464,0,0.20167694545454545,Sultanpur
453,26.5,33.1,13.2,5.3,18.0,21.2,13.08,14.5,24.5,2.0,7.0,0,0.16216363636363637,Unnao
454,23.8,21.5,18.1,14.1,25.4,19.3,17.55,22.5,18.5,6.0,3.0,0,0.17250000000000001,Varanasi
455,24.8,32.5,9.2,13.7,16.45,20.4,14.58,24.0,27.0,2.0,12.0,0,0.17875454545454544,Almora
456,24.9,13.8,10.2,16.5,20.65,15.9,14.7,21.5,63.0,9.0,22.0,2,0.21104545454545456,Bageshwar
457,15.2,12.8,16.6,10.2,18.8,16.6,16.08,19.5,9.0,6.0,7.076919999999999,1,0.13441538181818183,Chamoli
458,20.6,21.6,17.1,19.3,17.8,16.1,13.83,40.0,53.5,2.0,18.0,2,0.21802727272727276,Champawat
459,16.2,9.0,24.4,21.6,20.95,14.5,15.18,28.5,42.5,9.0,11.0,1,0.19348181818181817,Dehradun
461,20.7,17.1,24.0,19.3,27.65,18.6,21.33,32.5,48.5,12.0,4.0,2,0.22334545454545454,Hardwar
462,17.2,18.6,27.2,21.3,19.2,15.2,17.4,36.5,44.0,9.0,7.076919999999999,2,0.2115244727272727,Nainital
463,13.5,8.2,19.0,18.3,17.25,10.0,12.69,32.0,46.0,9.0,7.076919999999999,2,0.17546992727272728,Pithoragarh
464,14.8,17.3,12.4,10.7,19.2,10.1,17.58,19.5,22.5,1.0,7.076919999999999,1,0.13832447272727275,Rudraprayag
465,18.1,16.2,5.3,5.9,22.3,10.2,17.97,22.0,48.0,3.0,7.076919999999999,0,0.16004265454545455,Tehri Garhwal
466,19.1,20.2,24.8,17.9,26.15,17.5,19.38,37.0,53.5,13.0,19.0,2,0.2432090909090909,Udham Singh Nagar
467,16.9,16.4,11.5,11.3,26.3,23.8,22.86,22.5,50.0,2.0,6.0,0,0.19050909090909093,Uttarkashi
468,33.3,27.8,9.4,9.0,33.45,26.9,14.19,34.5,46.0,7.0,8.2,0,0.2270363636363636,Bankura
469,24.0,26.0,17.0,12.2,31.65,24.0,13.26,37.5,36.5,6.0,8.2,0,0.2148272727272727,Barddhaman
470,30.3,31.6,10.3,4.5,31.9,20.8,17.7,25.0,60.0,10.0,13.0,0,0.23190909090909093,Birbhum
471,24.9,9.8,12.0,11.4,38.5,46.0,20.01,27.5,38.5,9.0,8.2,0,0.22346363636363636,Dakshin Dinajpur
472,15.4,8.6,23.6,21.1,24.15,9.3,13.739999999999998,19.0,38.5,16.0,28.0,1,0.1976272727272727,Darjiling
473,16.4,17.5,22.8,21.6,19.9,19.2,7.949999999999999,38.0,77.0,3.0,8.133329999999999,2,0.22862120909090902,Nayagarh
474,34.0,27.4,5.8,10.0,32.0,43.8,19.169999999999998,30.5,34.5,4.0,21.0,0,0.2383363636363636,Nuapada
475,15.5,14.5,25.3,25.6,22.15,16.1,8.76,48.0,68.5,7.0,8.0,2,0.2358272727272727,Puri
476,33.1,30.4,10.0,11.6,27.7,29.3,14.939999999999998,35.5,56.0,4.0,8.133329999999999,0,0.23697575454545453,Rayagada
477,28.1,21.4,16.8,15.5,36.5,45.0,21.15,34.5,45.5,6.0,8.0,0,0.25313636363636366,Sambalpur
478,32.2,18.0,13.8,13.0,34.6,34.4,22.5,23.0,52.5,2.0,8.133329999999999,0,0.2310303,Subarnapur
479,27.2,15.2,13.6,13.8,35.7,39.6,22.59,28.0,44.5,9.0,14.0,0,0.23926363636363635,Sundargarh
480,11.0,6.4,30.3,33.1,26.65,24.4,13.5,24.5,28.0,11.0,27.0,1,0.21440909090909094,Amritsar
481,13.2,7.3,32.4,24.4,21.35,32.3,15.45,29.0,53.0,14.0,10.0,2,0.22945454545454547,Barnala
482,12.3,8.9,23.8,26.0,22.9,21.8,13.38,23.0,27.0,6.0,8.0,1,0.17552727272727273,Bathinda
483,10.9,3.7,24.5,13.1,21.2,47.2,18.18,33.0,15.0,12.0,4.0,1,0.18434545454545456,Faridkot
484,13.7,12.3,41.0,36.5,26.65,31.0,18.869999999999997,30.0,46.0,4.0,11.0,2,0.24638181818181815,Fatehgarh Sahib
485,13.7,7.1,27.5,25.1,28.5,20.6,13.92,41.0,67.0,4.0,22.0,2,0.24583636363636366,Firozpur
486,11.3,20.1,31.6,22.1,27.15,27.6,21.45,37.5,26.5,3.0,7.0,1,0.21390909090909088,Gurdaspur
487,13.7,12.3,31.0,23.6,30.65,28.4,17.91,40.0,11.5,8.0,12.0,1,0.20823636363636366,Hoshiarpur
488,7.4,8.7,26.9,27.0,26.95,22.4,18.0,28.5,34.0,3.0,7.0,1,0.19077272727272723,Jalandhar
489,10.4,16.6,38.8,31.6,28.3,28.3,20.16,38.5,73.5,6.0,14.0,2,0.2783272727272727,Kapurthala
490,9.2,10.3,35.5,29.4,32.6,32.0,18.24,26.5,34.0,4.0,22.0,1,0.2306727272727273,Ludhiana
491,18.7,16.0,24.4,19.7,24.7,18.6,15.719999999999999,26.5,30.0,7.0,12.0,1,0.19392727272727273,Mansa
492,10.8,9.5,29.1,37.2,23.75,15.5,15.12,25.0,18.5,9.0,8.0,1,0.1831545454545455,Moga
493,14.6,13.2,26.5,21.2,23.95,25.3,19.169999999999998,29.5,38.5,6.0,5.0,1,0.20265454545454545,Muktsar
494,9.6,5.0,35.5,40.6,20.45,17.6,14.79,27.0,26.5,11.0,18.0,1,0.20549090909090906,Patiala
495,13.1,17.3,43.6,17.5,37.25,26.0,20.88,36.5,21.0,14.0,7.0,1,0.2310272727272727,Rup Nagar
496,13.6,18.7,39.4,39.1,29.8,20.7,20.01,27.0,58.5,5.0,16.0,2,0.2616454545454545,Sahibzada Ajit Singh Nagar
497,13.3,14.8,35.7,27.7,32.4,43.6,22.86,28.5,14.5,6.0,12.0,1,0.22850909090909094,Sahid Bhagat Singh Nagar
498,14.8,9.2,30.3,28.3,23.55,15.9,15.419999999999998,23.5,32.0,11.0,11.0,1,0.19542727272727276,Sangrur
499,13.7,16.8,30.2,24.4,22.95,34.5,15.989999999999998,38.5,44.0,7.0,31.0,2,0.25367272727272727,Tarn Taran
500,15.3,10.7,38.6,38.4,28.5,19.6,14.52,47.5,60.5,2.0,8.0,2,0.25783636363636364,Karaikal
501,9.0,5.9,41.6,39.7,18.5,25.2,12.389999999999999,47.0,65.5,9.0,39.0,2,0.28435454545454547,Mahe
502,10.6,10.0,36.2,36.9,26.25,15.0,13.38,34.0,33.0,8.0,13.0,1,0.21484545454545453,Puducherry
503,11.9,14.1,36.2,35.8,21.85,14.1,11.46,38.0,20.0,6.0,15.0,1,0.20400909090909095,Yanam
504,24.7,18.7,16.8,18.5,26.7,12.7,20.61,28.5,35.5,2.0,11.0,1,0.19609999999999997,Ajmer
505,25.4,13.4,13.0,18.0,20.1,10.9,16.2,13.0,33.5,5.0,4.72727,1,0.15747933636363634,Alwar
506,33.3,32.3,9.0,8.7,38.15,43.2,25.38,22.5,35.5,3.0,4.72727,0,0.23250660909090912,Banswara
507,30.7,25.8,9.7,7.6,33.15,27.6,22.889999999999997,19.5,46.0,6.0,7.0,0,0.2144909090909091,Baran
508,26.1,29.8,11.7,15.0,21.35,19.4,18.03,15.0,18.5,7.0,4.72727,0,0.1696429727272727,Barmer
509,25.1,26.0,14.4,12.5,20.8,12.3,16.919999999999998,15.5,23.5,9.0,6.0,0,0.16547272727272727,Bharatpur
510,24.3,23.1,14.1,10.2,28.0,24.3,21.51,15.0,33.5,4.0,4.72727,0,0.1843066090909091,Bhilwara
511,23.7,19.1,15.4,13.2,21.5,12.0,15.36,19.5,26.5,4.0,7.0,1,0.16114545454545454,Bikaner
512,33.5,23.8,10.9,10.5,31.85,26.9,24.0,21.5,35.0,4.0,4.72727,0,0.20607024545454547,Bundi
513,28.7,23.5,17.6,12.8,30.15,26.6,21.33,19.5,27.5,13.0,8.0,0,0.2078909090909091,Chittaurgarh
514,26.8,30.6,13.5,9.3,17.05,17.3,12.66,13.0,12.5,3.0,6.0,0,0.1470090909090909,Churu
515,29.6,21.3,10.2,9.6,13.55,8.8,13.56,12.5,36.0,7.0,4.72727,0,0.15167024545454544,Dausa
516,29.8,24.5,10.3,9.5,23.25,16.2,15.03,12.5,28.5,4.0,4.72727,0,0.16209751818181817,Dhaulpur
517,38.1,23.1,6.2,5.7,36.6,26.8,22.8,23.0,25.0,3.0,8.0,0,0.19845454545454544,Dungarpur
518,21.1,13.9,20.5,24.4,17.4,8.9,12.06,26.5,22.0,5.0,5.0,1,0.1606909090909091,Ganganagar
519,23.0,15.8,14.8,12.1,16.95,6.3,13.860000000000001,18.5,39.0,6.0,5.0,1,0.15573636363636364,Hanumangarh
520,22.7,21.3,17.4,14.6,13.55,8.8,14.85,15.0,31.0,9.0,2.0,1,0.1547272727272727,Jaipur
521,25.8,21.9,12.8,9.7,16.8,14.8,12.75,9.5,15.5,1.0,7.0,0,0.13413636363636364,Jaisalmer
522,31.2,27.3,9.3,9.6,29.35,27.4,20.099999999999998,19.0,30.5,5.0,11.0,0,0.19977272727272724,Jalor
523,28.7,27.2,8.6,9.0,29.4,24.9,22.979999999999997,21.5,50.5,4.0,4.72727,0,0.21046115454545458,Jhalawar
524,19.3,17.0,17.3,17.1,19.15,6.2,13.860000000000001,12.0,12.0,8.0,19.0,1,0.1462818181818182,Jhunjhunun
525,20.8,17.3,18.3,18.1,22.15,15.4,19.08,16.0,44.5,2.0,15.0,1,0.18966363636363637,Jodhpur
526,32.2,40.1,10.2,7.5,19.05,14.4,15.839999999999998,15.5,22.5,5.0,13.0,0,0.17753636363636363,Karauli
527,26.4,26.5,20.6,16.3,29.8,30.6,22.139999999999997,23.0,38.5,4.0,11.0,0,0.22621818181818182,Kota
528,25.2,15.0,14.1,11.6,19.1,7.8,15.239999999999998,15.0,9.0,6.0,4.72727,1,0.12978842727272727,Nagaur
529,32.6,21.1,14.5,13.3,24.5,16.8,16.02,18.5,10.5,5.0,4.72727,0,0.1614066090909091,Pali
530,35.0,16.9,7.8,9.5,31.65,26.2,22.74,18.0,25.5,8.0,4.72727,0,0.18728842727272726,Pratapgarh
531,28.6,26.6,12.5,6.7,31.0,23.2,22.77,22.0,17.5,4.0,4.72727,0,0.18145206363636365,Rajsamand
532,30.0,24.4,11.2,13.5,19.25,11.6,14.939999999999998,17.0,22.0,4.0,4.72727,0,0.1569247909090909,Sawai Madhopur
533,23.2,15.1,18.4,13.6,16.4,7.3,14.639999999999999,19.5,19.0,4.0,15.0,1,0.1510363636363636,Sikar
534,34.2,23.7,10.1,9.6,29.9,41.2,20.939999999999998,15.0,23.0,4.0,4.72727,0,0.19669751818181822,Sirohi
535,32.7,33.8,10.5,9.7,31.25,23.4,22.29,13.0,49.5,4.0,4.72727,0,0.21351570000000003,Tonk
536,37.7,38.7,10.4,12.7,34.85,29.1,23.729999999999997,11.5,34.0,4.0,4.72727,0,0.21946115454545456,Udaipur
537,7.9,2.4,30.8,36.8,17.2,13.1,14.91,37.0,41.0,22.0,38.0,1,0.23737272727272732,East
538,3.6,2.0,25.3,40.8,22.15,28.8,19.470000000000002,30.0,40.5,23.0,36.0,1,0.2469272727272727,North
539,4.4,1.3,22.3,31.3,15.95,17.5,18.48,26.0,39.5,7.0,52.0,1,0.21430000000000005,South
540,5.8,2.7,22.8,30.6,18.4,17.3,17.61,34.5,52.5,16.0,7.0,2,0.20473636363636363,West
541,35.1,25.9,15.8,8.6,31.85,28.8,20.34,32.5,23.0,10.0,10.0,0,0.2199,Adilabad
542,12.9,19.6,47.9,33.7,27.0,5.3,16.47,45.0,41.5,8.0,46.0,2,0.2757909090909091,Hyderabad
544,20.2,21.7,27.3,26.1,35.6,26.4,21.66,37.0,44.0,13.0,38.0,2,0.2826909090909091,Khammam
545,28.3,23.8,19.8,21.9,25.3,11.6,19.32,27.0,25.0,7.0,41.0,1,0.2272909090909091,Mahbubnagar
546,29.0,22.9,20.2,19.3,28.65,19.0,20.25,21.5,39.0,10.0,17.0,0,0.22436363636363635,Medak
547,24.9,21.4,25.0,22.1,28.1,13.0,20.729999999999997,28.0,13.0,18.0,10.0,1,0.20384545454545455,Nalgonda
548,26.5,20.3,21.2,30.8,28.0,21.9,19.77,38.5,45.0,11.0,24.900000000000002,2,0.26170000000000004,Nizamabad
549,19.3,18.1,33.5,27.1,27.45,10.4,14.46,39.5,21.0,15.0,23.0,1,0.2261909090909091,Rangareddy
550,24.3,23.6,24.9,25.5,28.45,17.5,18.9,25.5,37.0,8.0,7.0,1,0.2187727272727273,Warangal
551,16.9,15.9,21.4,28.9,28.4,22.0,14.13,40.5,70.0,3.0,9.0,2,0.24557272727272722,Ariyalur
552,9.4,4.3,33.6,31.3,26.95,10.1,13.35,48.5,46.5,4.0,30.0,2,0.2345454545454545,Chennai
553,19.3,14.9,29.0,22.1,29.9,21.8,15.96,24.5,49.5,4.0,12.0,2,0.2208727272727273,Coddalore
554,13.8,6.2,34.4,34.8,27.15,13.2,12.989999999999998,27.5,39.0,9.0,19.0,1,0.2154909090909091,Coimbatore
555,15.7,9.3,25.4,22.3,29.55,25.6,17.369999999999997,41.0,37.5,7.0,21.0,1,0.2288363636363636,Dharmapuri
556,14.1,10.6,26.0,24.4,25.5,22.8,13.110000000000001,31.5,28.0,14.0,12.71875,1,0.20248068181818182,Dindigul
557,10.7,13.6,27.4,24.1,23.8,16.7,15.299999999999999,25.5,65.0,1.0,27.0,2,0.22736363636363632,Erode
558,9.5,11.9,39.2,28.3,26.7,17.5,13.56,32.0,40.0,4.0,17.0,1,0.2178727272727273,Kancheepuram
559,12.3,6.9,42.5,34.6,22.3,11.0,11.25,46.5,62.5,5.0,20.0,2,0.2498636363636364,Kanniyakumari
560,14.9,15.3,31.4,26.8,28.0,17.5,15.899999999999999,38.5,73.0,6.0,24.0,2,0.26481818181818184,Karur
561,18.1,18.1,24.4,21.0,23.7,25.8,15.629999999999999,31.5,35.0,5.0,14.0,1,0.2111181818181818,Krishnagiri
562,14.9,11.8,35.5,32.3,26.25,14.3,16.41,42.0,47.5,6.0,7.0,2,0.23087272727272723,Madurai
563,22.7,14.4,26.9,27.0,25.8,15.9,12.69,41.5,26.5,7.0,22.0,1,0.22035454545454547,Nagapattinam
564,10.8,11.0,24.7,24.4,24.55,15.2,14.76,33.5,32.5,4.0,13.0,1,0.18946363636363636,Namakkal
565,17.1,18.8,27.8,21.7,29.65,21.2,16.919999999999998,43.0,71.0,7.0,23.0,2,0.2701545454545454,Perambalur
566,23.5,17.6,24.7,21.2,27.35,21.3,13.469999999999999,36.0,77.0,3.0,12.71875,2,0.25258068181818183,Pudukkottai
567,19.2,14.4,32.7,27.1,25.15,18.6,14.85,32.5,43.5,9.0,3.0,2,0.21818181818181814,Ramanathapuram
568,12.0,10.8,29.4,34.3,27.6,26.1,15.089999999999998,40.0,70.5,2.0,12.71875,2,0.25500795454545455,Salem
569,20.1,20.3,28.4,24.9,27.0,14.1,15.419999999999998,35.0,38.5,5.0,19.0,1,0.22519999999999996,Sivaganga
570,15.7,19.1,33.3,31.0,29.1,21.2,16.32,43.0,62.5,8.0,5.0,2,0.2583818181818182,Thanjavur
571,12.7,9.7,23.2,16.5,25.35,28.6,15.989999999999998,34.0,53.0,14.0,12.71875,2,0.22341704545454552,The Nilgiris
572,13.6,12.9,33.5,28.1,24.95,15.7,15.0,42.5,27.5,12.0,12.71875,1,0.21678977272727273,Theni
573,11.3,9.2,32.3,32.0,27.55,24.0,15.0,31.0,40.5,2.0,3.0,1,0.20713636363636365,Thiruvallur
574,19.8,23.7,29.2,24.6,29.25,21.4,15.78,35.0,50.0,10.0,26.0,2,0.25884545454545455,Thiruvarur
575,17.9,20.2,36.0,22.9,29.5,21.8,16.889999999999997,33.5,35.0,2.0,29.0,1,0.24062727272727272,Thoothukkudi
576,17.9,15.4,31.3,28.7,32.85,25.2,18.119999999999997,40.5,63.0,8.0,16.0,2,0.26997272727272725,Tiruchirappalli
577,18.9,17.3,29.5,30.2,29.75,26.6,18.57,38.0,45.0,4.0,10.0,2,0.2434727272727273,Tirunelveli
578,11.9,9.0,28.0,26.3,29.3,24.4,15.51,21.0,41.0,3.0,16.0,1,0.2049181818181818,Tiruppur
579,16.1,7.0,27.1,29.8,29.5,25.2,17.369999999999997,29.5,67.5,13.0,7.0,2,0.2446090909090909,Tiruvannamalai
580,14.4,13.0,34.3,26.1,27.75,19.7,15.12,42.5,51.5,2.0,12.71875,2,0.23553522727272727,Vellore
581,18.6,16.6,24.6,34.1,31.45,32.6,17.13,28.5,60.5,6.0,6.0,2,0.2509818181818182,Viluppuram
582,14.6,19.8,32.9,17.7,27.95,17.9,15.48,42.0,33.5,4.0,9.0,1,0.21348181818181813,Virudhunagar
583,15.6,13.9,13.5,15.4,28.2,28.8,15.12,26.0,45.5,6.0,0.75,0,0.1897909090909091,Dhalai
584,28.7,24.3,13.7,8.4,26.4,19.4,11.19,27.5,29.5,2.0,0.75,0,0.1744,North Tripura
585,19.4,15.3,13.6,17.0,27.15,31.5,15.54,42.5,58.5,9.0,0.75,2,0.22749090909090908,South Tripura
586,15.9,12.7,18.4,18.6,27.4,22.8,15.6,43.0,51.0,16.0,3.0,2,0.22218181818181815,West Tripura
587,19.3,18.1,21.5,18.9,21.55,17.9,15.51,16.0,24.5,3.0,6.0,1,0.16569090909090908,Agra
588,22.7,21.2,18.7,13.2,28.05,29.2,20.04,22.5,60.0,4.0,5.0,2,0.22235454545454544,Aligarh
589,20.6,27.1,18.1,13.3,27.75,28.8,18.21,16.5,14.0,6.0,4.77464,0,0.17739512727272727,Allahabad
590,30.4,29.8,12.2,9.2,27.8,23.9,18.599999999999998,14.5,21.5,10.0,6.0,0,0.18536363636363634,Ambedkar Nagar
591,22.8,31.4,11.8,10.2,33.7,42.2,24.029999999999998,12.5,6.5,5.0,4.77464,0,0.1862769454545454,Auraiya
592,26.6,24.4,16.3,17.0,29.65,33.4,18.54,24.5,30.5,6.0,9.0,0,0.21444545454545458,Azamgarh
593,20.8,14.6,27.0,15.2,32.2,18.9,23.639999999999997,36.0,54.0,5.0,4.77464,2,0.22919512727272726,Baghpat
594,35.1,30.2,10.5,12.9,26.35,29.9,22.05,39.0,71.0,12.0,9.0,2,0.27090909090909093,Bahraich
595,21.6,26.3,16.9,13.6,24.3,26.3,18.06,24.5,40.0,8.0,4.77464,0,0.20394058181818184,Ballia
596,27.1,23.1,11.3,12.9,27.9,30.1,21.720000000000002,41.0,62.0,14.0,8.0,2,0.25374545454545455,Balrampur
597,23.0,20.2,8.3,10.5,27.25,20.2,18.81,6.5,20.0,4.0,4.77464,0,0.14866785454545453,Banda
598,28.5,26.3,13.8,11.4,19.1,16.5,13.17,20.0,28.0,4.0,4.77464,0,0.16867694545454548,Bara Banki
599,25.4,32.6,20.9,10.6,26.95,25.9,22.29,41.0,64.5,7.0,4.77464,2,0.2562860363636364,Bareilly
600,24.6,29.3,15.5,8.5,27.85,24.1,21.479999999999997,62.5,52.5,6.0,4.77464,2,0.2519133090909091,Basti
601,24.7,29.2,20.1,9.8,29.1,24.7,21.720000000000002,28.0,55.0,4.0,6.0,2,0.2293818181818182,Bijnor
602,30.9,33.7,14.2,9.3,23.9,28.2,17.49,21.5,26.0,5.0,6.0,0,0.19653636363636365,Budaun
603,21.6,24.9,19.3,13.7,28.1,28.3,19.74,18.5,22.0,5.0,16.0,0,0.19740000000000002,Bulandshahr
604,27.4,17.5,14.1,10.7,31.95,37.9,19.92,19.0,38.5,5.0,4.77464,0,0.20613149090909086,Chandauli
605,33.1,38.4,7.3,3.5,33.85,31.7,21.75,12.0,27.0,1.0,8.0,0,0.19781818181818184,Chitrakoot
606,25.7,21.6,17.3,13.1,28.55,30.1,20.49,36.5,31.0,1.0,8.0,0,0.2121272727272727,Deoria
607,23.5,24.7,17.4,11.0,18.25,10.3,12.06,10.5,19.0,3.0,11.0,1,0.1461,Etah
608,22.7,16.3,18.5,12.5,14.1,11.1,12.0,21.0,26.5,6.0,4.77464,1,0.15043149090909094,Etawah
609,29.9,32.8,14.9,11.4,30.35,37.7,19.05,16.0,15.0,3.0,7.0,0,0.19736363636363635,Faizabad
610,23.4,24.9,15.3,13.2,13.5,15.9,11.610000000000001,19.5,30.0,6.0,6.0,0,0.16300909090909094,Farrukhabad
611,31.0,22.1,10.0,9.0,20.1,22.8,13.2,11.0,23.0,9.0,4.77464,0,0.15997694545454547,Fatehpur
612,21.8,24.0,15.6,11.8,17.05,16.0,14.16,20.0,31.5,4.0,8.0,0,0.16719090909090908,Firozabad
613,14.2,15.2,29.8,23.9,28.8,17.5,20.49,23.5,43.0,7.0,7.0,1,0.20944545454545452,Gautam Buddha Nagar
614,17.1,15.3,30.2,23.6,28.3,16.9,18.78,33.0,42.5,7.0,5.0,2,0.21607272727272725,Ghaziabad
615,27.4,24.5,13.4,19.4,30.95,33.6,20.58,21.5,29.0,5.0,5.0,0,0.20939090909090907,Ghazipur
616,29.0,28.2,12.7,7.1,27.2,31.7,21.779999999999998,45.0,50.0,7.0,7.0,0,0.2424363636363636,Gonda
617,22.2,25.1,20.0,17.8,25.85,21.8,17.97,35.5,46.0,11.0,21.0,2,0.2402,Gorakhpur
618,28.3,24.7,6.7,6.1,25.9,30.2,16.65,11.0,26.0,6.0,5.0,0,0.1695909090909091,Hamirpur
619,30.6,33.2,12.2,4.1,16.9,18.5,13.38,21.5,34.5,3.0,4.77464,0,0.17514058181818182,Hardoi
620,22.0,18.8,11.2,9.4,30.9,30.5,25.439999999999998,14.0,18.0,3.0,4.77464,0,0.1709224,Jalaun
621,29.0,21.3,14.7,16.1,25.85,23.1,17.4,19.5,22.0,7.0,4.77464,0,0.18247694545454546,Jaunpur
622,23.9,15.8,16.0,9.9,27.55,13.7,23.34,22.5,21.0,4.0,9.0,1,0.16971818181818185,Jhansi
